Fund,P1,P2,P3,P4,Topsis Score,Rank
M1,0.67,0.45,6.5,42.6,0.14749502661152342,3
M2,0.6,0.36,3.6,53.3,0.44824926411566696,4
M3,0.82,0.67,3.8,63.1,0.8419984206402461,2
M4,0.6,0.36,3.5,69.2,0.609336414031528,1
